{
  "next_iid": 7,
  "iid_to_location": {
    "0": {
      "file": "/Users/1cebearpooh/Documents/homework/sysSecurity/final_project/DynaPyt/test/pythonRepo/dvpwa/sqli/middlewares.py.orig",
      "start_line": 13,
      "start_column": 0,
      "end_line": 22,
      "end_column": 45
    },
    "1": {
      "file": "/Users/1cebearpooh/Documents/homework/sysSecurity/final_project/DynaPyt/test/pythonRepo/dvpwa/sqli/middlewares.py.orig",
      "start_line": 26,
      "start_column": 0,
      "end_line": 38,
      "end_column": 33
    },
    "2": {
      "file": "/Users/1cebearpooh/Documents/homework/sysSecurity/final_project/DynaPyt/test/pythonRepo/dvpwa/sqli/middlewares.py.orig",
      "start_line": 41,
      "start_column": 0,
      "end_line": 58,
      "end_column": 21
    },
    "3": {
      "file": "/Users/1cebearpooh/Documents/homework/sysSecurity/final_project/DynaPyt/test/pythonRepo/dvpwa/sqli/middlewares.py.orig",
      "start_line": 43,
      "start_column": 4,
      "end_line": 56,
      "end_column": 50
    },
    "4": {
      "file": "/Users/1cebearpooh/Documents/homework/sysSecurity/final_project/DynaPyt/test/pythonRepo/dvpwa/sqli/middlewares.py.orig",
      "start_line": 44,
      "start_column": 8,
      "end_line": 56,
      "end_column": 50
    },
    "5": {
      "file": "/Users/1cebearpooh/Documents/homework/sysSecurity/final_project/DynaPyt/test/pythonRepo/dvpwa/sqli/middlewares.py.orig",
      "start_line": 61,
      "start_column": 0,
      "end_line": 65,
      "end_column": 19
    },
    "6": {
      "file": "/Users/1cebearpooh/Documents/homework/sysSecurity/final_project/DynaPyt/test/pythonRepo/dvpwa/sqli/middlewares.py.orig",
      "start_line": 68,
      "start_column": 0,
      "end_line": 72,
      "end_column": 19
    }
  }
}