{
  "next_iid": 9,
  "iid_to_location": {
    "0": {
      "file": "/Users/1cebearpooh/Documents/homework/sysSecurity/final_project/DynaPyt/test/pythonRepo/dvpwa/sqli/views.py.orig",
      "start_line": 23,
      "start_column": 0,
      "end_line": 48,
      "end_column": 35
    },
    "1": {
      "file": "/Users/1cebearpooh/Documents/homework/sysSecurity/final_project/DynaPyt/test/pythonRepo/dvpwa/sqli/views.py.orig",
      "start_line": 52,
      "start_column": 0,
      "end_line": 60,
      "end_column": 33
    },
    "2": {
      "file": "/Users/1cebearpooh/Documents/homework/sysSecurity/final_project/DynaPyt/test/pythonRepo/dvpwa/sqli/views.py.orig",
      "start_line": 64,
      "start_column": 0,
      "end_line": 80,
      "end_column": 51
    },
    "3": {
      "file": "/Users/1cebearpooh/Documents/homework/sysSecurity/final_project/DynaPyt/test/pythonRepo/dvpwa/sqli/views.py.orig",
      "start_line": 84,
      "start_column": 0,
      "end_line": 93,
      "end_column": 31
    },
    "4": {
      "file": "/Users/1cebearpooh/Documents/homework/sysSecurity/final_project/DynaPyt/test/pythonRepo/dvpwa/sqli/views.py.orig",
      "start_line": 97,
      "start_column": 0,
      "end_line": 108,
      "end_column": 33
    },
    "5": {
      "file": "/Users/1cebearpooh/Documents/homework/sysSecurity/final_project/DynaPyt/test/pythonRepo/dvpwa/sqli/views.py.orig",
      "start_line": 112,
      "start_column": 0,
      "end_line": 131,
      "end_column": 47
    },
    "6": {
      "file": "/Users/1cebearpooh/Documents/homework/sysSecurity/final_project/DynaPyt/test/pythonRepo/dvpwa/sqli/views.py.orig",
      "start_line": 135,
      "start_column": 0,
      "end_line": 153,
      "end_column": 44
    },
    "7": {
      "file": "/Users/1cebearpooh/Documents/homework/sysSecurity/final_project/DynaPyt/test/pythonRepo/dvpwa/sqli/views.py.orig",
      "start_line": 145,
      "start_column": 8,
      "end_line": 150,
      "end_column": 39
    },
    "8": {
      "file": "/Users/1cebearpooh/Documents/homework/sysSecurity/final_project/DynaPyt/test/pythonRepo/dvpwa/sqli/views.py.orig",
      "start_line": 157,
      "start_column": 0,
      "end_line": 160,
      "end_column": 24
    }
  }
}