{
  "next_iid": 3,
  "iid_to_location": {
    "0": {
      "file": "/Users/1cebearpooh/Documents/homework/sysSecurity/final_project/DynaPyt/test/pythonRepo/dvpwa/sqli/services/db.py.orig",
      "start_line": 5,
      "start_column": 0,
      "end_line": 9,
      "end_column": 36
    },
    "1": {
      "file": "/Users/1cebearpooh/Documents/homework/sysSecurity/final_project/DynaPyt/test/pythonRepo/dvpwa/sqli/services/db.py.orig",
      "start_line": 12,
      "start_column": 0,
      "end_line": 20,
      "end_column": 18
    },
    "2": {
      "file": "/Users/1cebearpooh/Documents/homework/sysSecurity/final_project/DynaPyt/test/pythonRepo/dvpwa/sqli/services/db.py.orig",
      "start_line": 23,
      "start_column": 0,
      "end_line": 25,
      "end_column": 33
    }
  }
}