{
  "next_iid": 3,
  "iid_to_location": {
    "0": {
      "file": "/Users/1cebearpooh/Documents/homework/sysSecurity/final_project/DynaPyt/test/pythonRepo/dvpwa/sqli/services/redis.py.orig",
      "start_line": 5,
      "start_column": 0,
      "end_line": 7,
      "end_column": 40
    },
    "1": {
      "file": "/Users/1cebearpooh/Documents/homework/sysSecurity/final_project/DynaPyt/test/pythonRepo/dvpwa/sqli/services/redis.py.orig",
      "start_line": 10,
      "start_column": 0,
      "end_line": 14,
      "end_column": 24
    },
    "2": {
      "file": "/Users/1cebearpooh/Documents/homework/sysSecurity/final_project/DynaPyt/test/pythonRepo/dvpwa/sqli/services/redis.py.orig",
      "start_line": 17,
      "start_column": 0,
      "end_line": 19,
      "end_column": 36
    }
  }
}