{
  "next_iid": 8,
  "iid_to_location": {
    "0": {
      "file": "/Users/1cebearpooh/Documents/homework/sysSecurity/final_project/python_projects/requests/src/requests/__init__.py.orig",
      "start_line": 47,
      "start_column": 0,
      "end_line": 50,
      "end_column": 37
    },
    "1": {
      "file": "/Users/1cebearpooh/Documents/homework/sysSecurity/final_project/python_projects/requests/src/requests/__init__.py.orig",
      "start_line": 52,
      "start_column": 0,
      "end_line": 55,
      "end_column": 26
    },
    "2": {
      "file": "/Users/1cebearpooh/Documents/homework/sysSecurity/final_project/python_projects/requests/src/requests/__init__.py.orig",
      "start_line": 58,
      "start_column": 0,
      "end_line": 90,
      "end_column": 9
    },
    "3": {
      "file": "/Users/1cebearpooh/Documents/homework/sysSecurity/final_project/python_projects/requests/src/requests/__init__.py.orig",
      "start_line": 93,
      "start_column": 0,
      "end_line": 104,
      "end_column": 57
    },
    "4": {
      "file": "/Users/1cebearpooh/Documents/homework/sysSecurity/final_project/python_projects/requests/src/requests/__init__.py.orig",
      "start_line": 95,
      "start_column": 4,
      "end_line": 98,
      "end_column": 14
    },
    "5": {
      "file": "/Users/1cebearpooh/Documents/homework/sysSecurity/final_project/python_projects/requests/src/requests/__init__.py.orig",
      "start_line": 108,
      "start_column": 0,
      "end_line": 119,
      "end_column": 5
    },
    "6": {
      "file": "/Users/1cebearpooh/Documents/homework/sysSecurity/final_project/python_projects/requests/src/requests/__init__.py.orig",
      "start_line": 124,
      "start_column": 0,
      "end_line": 140,
      "end_column": 8
    },
    "7": {
      "file": "/Users/1cebearpooh/Documents/homework/sysSecurity/final_project/python_projects/requests/src/requests/__init__.py.orig",
      "start_line": 125,
      "start_column": 4,
      "end_line": 128,
      "end_column": 18
    }
  }
}