{
  "next_iid": 3,
  "iid_to_location": {
    "0": {
      "file": "/Users/1cebearpooh/Documents/homework/sysSecurity/final_project/python_projects/requests/src/requests/_internal_utils.py.orig",
      "start_line": 25,
      "start_column": 0,
      "end_line": 35,
      "end_column": 14
    },
    "1": {
      "file": "/Users/1cebearpooh/Documents/homework/sysSecurity/final_project/python_projects/requests/src/requests/_internal_utils.py.orig",
      "start_line": 38,
      "start_column": 0,
      "end_line": 50,
      "end_column": 20
    },
    "2": {
      "file": "/Users/1cebearpooh/Documents/homework/sysSecurity/final_project/python_projects/requests/src/requests/_internal_utils.py.orig",
      "start_line": 46,
      "start_column": 4,
      "end_line": 50,
      "end_column": 20
    }
  }
}