{
  "next_iid": 28,
  "iid_to_location": {
    "0": {
      "file": "/Users/1cebearpooh/Documents/homework/sysSecurity/final_project/python_projects/requests/src/requests/adapters.py.orig",
      "start_line": 59,
      "start_column": 0,
      "end_line": 64,
      "end_column": 70
    },
    "1": {
      "file": "/Users/1cebearpooh/Documents/homework/sysSecurity/final_project/python_projects/requests/src/requests/adapters.py.orig",
      "start_line": 63,
      "start_column": 4,
      "end_line": 64,
      "end_column": 70
    },
    "2": {
      "file": "/Users/1cebearpooh/Documents/homework/sysSecurity/final_project/python_projects/requests/src/requests/adapters.py.orig",
      "start_line": 77,
      "start_column": 0,
      "end_line": 87,
      "end_column": 33
    },
    "3": {
      "file": "/Users/1cebearpooh/Documents/homework/sysSecurity/final_project/python_projects/requests/src/requests/adapters.py.orig",
      "start_line": 90,
      "start_column": 0,
      "end_line": 134,
      "end_column": 35
    },
    "4": {
      "file": "/Users/1cebearpooh/Documents/homework/sysSecurity/final_project/python_projects/requests/src/requests/adapters.py.orig",
      "start_line": 140,
      "start_column": 4,
      "end_line": 141,
      "end_column": 26
    },
    "5": {
      "file": "/Users/1cebearpooh/Documents/homework/sysSecurity/final_project/python_projects/requests/src/requests/adapters.py.orig",
      "start_line": 143,
      "start_column": 4,
      "end_line": 160,
      "end_column": 33
    },
    "6": {
      "file": "/Users/1cebearpooh/Documents/homework/sysSecurity/final_project/python_projects/requests/src/requests/adapters.py.orig",
      "start_line": 162,
      "start_column": 4,
      "end_line": 164,
      "end_column": 33
    },
    "7": {
      "file": "/Users/1cebearpooh/Documents/homework/sysSecurity/final_project/python_projects/requests/src/requests/adapters.py.orig",
      "start_line": 202,
      "start_column": 4,
      "end_line": 222,
      "end_column": 79
    },
    "8": {
      "file": "/Users/1cebearpooh/Documents/homework/sysSecurity/final_project/python_projects/requests/src/requests/adapters.py.orig",
      "start_line": 224,
      "start_column": 4,
      "end_line": 225,
      "end_column": 75
    },
    "9": {
      "file": "/Users/1cebearpooh/Documents/homework/sysSecurity/final_project/python_projects/requests/src/requests/adapters.py.orig",
      "start_line": 227,
      "start_column": 4,
      "end_line": 238,
      "end_column": 9
    },
    "10": {
      "file": "/Users/1cebearpooh/Documents/homework/sysSecurity/final_project/python_projects/requests/src/requests/adapters.py.orig",
      "start_line": 233,
      "start_column": 8,
      "end_line": 234,
      "end_column": 38
    },
    "11": {
      "file": "/Users/1cebearpooh/Documents/homework/sysSecurity/final_project/python_projects/requests/src/requests/adapters.py.orig",
      "start_line": 240,
      "start_column": 4,
      "end_line": 264,
      "end_column": 9
    },
    "12": {
      "file": "/Users/1cebearpooh/Documents/homework/sysSecurity/final_project/python_projects/requests/src/requests/adapters.py.orig",
      "start_line": 266,
      "start_column": 4,
      "end_line": 302,
      "end_column": 22
    },
    "13": {
      "file": "/Users/1cebearpooh/Documents/homework/sysSecurity/final_project/python_projects/requests/src/requests/adapters.py.orig",
      "start_line": 304,
      "start_column": 4,
      "end_line": 357,
      "end_column": 17
    },
    "14": {
      "file": "/Users/1cebearpooh/Documents/homework/sysSecurity/final_project/python_projects/requests/src/requests/adapters.py.orig",
      "start_line": 359,
      "start_column": 4,
      "end_line": 394,
      "end_column": 23
    },
    "15": {
      "file": "/Users/1cebearpooh/Documents/homework/sysSecurity/final_project/python_projects/requests/src/requests/adapters.py.orig",
      "start_line": 396,
      "start_column": 4,
      "end_line": 444,
      "end_column": 80
    },
    "16": {
      "file": "/Users/1cebearpooh/Documents/homework/sysSecurity/final_project/python_projects/requests/src/requests/adapters.py.orig",
      "start_line": 446,
      "start_column": 4,
      "end_line": 493,
      "end_column": 19
    },
    "17": {
      "file": "/Users/1cebearpooh/Documents/homework/sysSecurity/final_project/python_projects/requests/src/requests/adapters.py.orig",
      "start_line": 467,
      "start_column": 8,
      "end_line": 474,
      "end_column": 48
    },
    "18": {
      "file": "/Users/1cebearpooh/Documents/homework/sysSecurity/final_project/python_projects/requests/src/requests/adapters.py.orig",
      "start_line": 495,
      "start_column": 4,
      "end_line": 534,
      "end_column": 19
    },
    "19": {
      "file": "/Users/1cebearpooh/Documents/homework/sysSecurity/final_project/python_projects/requests/src/requests/adapters.py.orig",
      "start_line": 536,
      "start_column": 4,
      "end_line": 544,
      "end_column": 25
    },
    "20": {
      "file": "/Users/1cebearpooh/Documents/homework/sysSecurity/final_project/python_projects/requests/src/requests/adapters.py.orig",
      "start_line": 543,
      "start_column": 8,
      "end_line": 544,
      "end_column": 25
    },
    "21": {
      "file": "/Users/1cebearpooh/Documents/homework/sysSecurity/final_project/python_projects/requests/src/requests/adapters.py.orig",
      "start_line": 546,
      "start_column": 4,
      "end_line": 576,
      "end_column": 18
    },
    "22": {
      "file": "/Users/1cebearpooh/Documents/homework/sysSecurity/final_project/python_projects/requests/src/requests/adapters.py.orig",
      "start_line": 578,
      "start_column": 4,
      "end_line": 590,
      "end_column": 12
    },
    "23": {
      "file": "/Users/1cebearpooh/Documents/homework/sysSecurity/final_project/python_projects/requests/src/requests/adapters.py.orig",
      "start_line": 592,
      "start_column": 4,
      "end_line": 611,
      "end_column": 22
    },
    "24": {
      "file": "/Users/1cebearpooh/Documents/homework/sysSecurity/final_project/python_projects/requests/src/requests/adapters.py.orig",
      "start_line": 613,
      "start_column": 4,
      "end_line": 719,
      "end_column": 49
    },
    "25": {
      "file": "/Users/1cebearpooh/Documents/homework/sysSecurity/final_project/python_projects/requests/src/requests/adapters.py.orig",
      "start_line": 632,
      "start_column": 8,
      "end_line": 637,
      "end_column": 48
    },
    "26": {
      "file": "/Users/1cebearpooh/Documents/homework/sysSecurity/final_project/python_projects/requests/src/requests/adapters.py.orig",
      "start_line": 653,
      "start_column": 12,
      "end_line": 660,
      "end_column": 17
    },
    "27": {
      "file": "/Users/1cebearpooh/Documents/homework/sysSecurity/final_project/python_projects/requests/src/requests/adapters.py.orig",
      "start_line": 666,
      "start_column": 8,
      "end_line": 717,
      "end_column": 21
    }
  }
}