{
  "next_iid": 8,
  "iid_to_location": {
    "0": {
      "file": "/Users/1cebearpooh/Documents/homework/sysSecurity/final_project/python_projects/requests/src/requests/api.py.orig",
      "start_line": 14,
      "start_column": 0,
      "end_line": 59,
      "end_column": 64
    },
    "1": {
      "file": "/Users/1cebearpooh/Documents/homework/sysSecurity/final_project/python_projects/requests/src/requests/api.py.orig",
      "start_line": 62,
      "start_column": 0,
      "end_line": 73,
      "end_column": 55
    },
    "2": {
      "file": "/Users/1cebearpooh/Documents/homework/sysSecurity/final_project/python_projects/requests/src/requests/api.py.orig",
      "start_line": 76,
      "start_column": 0,
      "end_line": 85,
      "end_column": 44
    },
    "3": {
      "file": "/Users/1cebearpooh/Documents/homework/sysSecurity/final_project/python_projects/requests/src/requests/api.py.orig",
      "start_line": 88,
      "start_column": 0,
      "end_line": 100,
      "end_column": 41
    },
    "4": {
      "file": "/Users/1cebearpooh/Documents/homework/sysSecurity/final_project/python_projects/requests/src/requests/api.py.orig",
      "start_line": 103,
      "start_column": 0,
      "end_line": 115,
      "end_column": 63
    },
    "5": {
      "file": "/Users/1cebearpooh/Documents/homework/sysSecurity/final_project/python_projects/requests/src/requests/api.py.orig",
      "start_line": 118,
      "start_column": 0,
      "end_line": 130,
      "end_column": 51
    },
    "6": {
      "file": "/Users/1cebearpooh/Documents/homework/sysSecurity/final_project/python_projects/requests/src/requests/api.py.orig",
      "start_line": 133,
      "start_column": 0,
      "end_line": 145,
      "end_column": 53
    },
    "7": {
      "file": "/Users/1cebearpooh/Documents/homework/sysSecurity/final_project/python_projects/requests/src/requests/api.py.orig",
      "start_line": 148,
      "start_column": 0,
      "end_line": 157,
      "end_column": 43
    }
  }
}