{
  "next_iid": 20,
  "iid_to_location": {
    "0": {
      "file": "/Users/1cebearpooh/Documents/homework/sysSecurity/final_project/python_projects/requests/src/requests/auth.py.orig",
      "start_line": 25,
      "start_column": 0,
      "end_line": 66,
      "end_column": 18
    },
    "1": {
      "file": "/Users/1cebearpooh/Documents/homework/sysSecurity/final_project/python_projects/requests/src/requests/auth.py.orig",
      "start_line": 72,
      "start_column": 4,
      "end_line": 73,
      "end_column": 65
    },
    "2": {
      "file": "/Users/1cebearpooh/Documents/homework/sysSecurity/final_project/python_projects/requests/src/requests/auth.py.orig",
      "start_line": 79,
      "start_column": 4,
      "end_line": 81,
      "end_column": 32
    },
    "3": {
      "file": "/Users/1cebearpooh/Documents/homework/sysSecurity/final_project/python_projects/requests/src/requests/auth.py.orig",
      "start_line": 83,
      "start_column": 4,
      "end_line": 89,
      "end_column": 9
    },
    "4": {
      "file": "/Users/1cebearpooh/Documents/homework/sysSecurity/final_project/python_projects/requests/src/requests/auth.py.orig",
      "start_line": 91,
      "start_column": 4,
      "end_line": 92,
      "end_column": 32
    },
    "5": {
      "file": "/Users/1cebearpooh/Documents/homework/sysSecurity/final_project/python_projects/requests/src/requests/auth.py.orig",
      "start_line": 94,
      "start_column": 4,
      "end_line": 96,
      "end_column": 16
    },
    "6": {
      "file": "/Users/1cebearpooh/Documents/homework/sysSecurity/final_project/python_projects/requests/src/requests/auth.py.orig",
      "start_line": 102,
      "start_column": 4,
      "end_line": 104,
      "end_column": 16
    },
    "7": {
      "file": "/Users/1cebearpooh/Documents/homework/sysSecurity/final_project/python_projects/requests/src/requests/auth.py.orig",
      "start_line": 110,
      "start_column": 4,
      "end_line": 114,
      "end_column": 46
    },
    "8": {
      "file": "/Users/1cebearpooh/Documents/homework/sysSecurity/final_project/python_projects/requests/src/requests/auth.py.orig",
      "start_line": 116,
      "start_column": 4,
      "end_line": 124,
      "end_column": 51
    },
    "9": {
      "file": "/Users/1cebearpooh/Documents/homework/sysSecurity/final_project/python_projects/requests/src/requests/auth.py.orig",
      "start_line": 126,
      "start_column": 4,
      "end_line": 234,
      "end_column": 31
    },
    "10": {
      "file": "/Users/1cebearpooh/Documents/homework/sysSecurity/final_project/python_projects/requests/src/requests/auth.py.orig",
      "start_line": 145,
      "start_column": 12,
      "end_line": 148,
      "end_column": 49
    },
    "11": {
      "file": "/Users/1cebearpooh/Documents/homework/sysSecurity/final_project/python_projects/requests/src/requests/auth.py.orig",
      "start_line": 153,
      "start_column": 12,
      "end_line": 156,
      "end_column": 50
    },
    "12": {
      "file": "/Users/1cebearpooh/Documents/homework/sysSecurity/final_project/python_projects/requests/src/requests/auth.py.orig",
      "start_line": 161,
      "start_column": 12,
      "end_line": 164,
      "end_column": 52
    },
    "13": {
      "file": "/Users/1cebearpooh/Documents/homework/sysSecurity/final_project/python_projects/requests/src/requests/auth.py.orig",
      "start_line": 169,
      "start_column": 12,
      "end_line": 172,
      "end_column": 52
    },
    "14": {
      "file": "/Users/1cebearpooh/Documents/homework/sysSecurity/final_project/python_projects/requests/src/requests/auth.py.orig",
      "start_line": 236,
      "start_column": 4,
      "end_line": 239,
      "end_column": 48
    },
    "15": {
      "file": "/Users/1cebearpooh/Documents/homework/sysSecurity/final_project/python_projects/requests/src/requests/auth.py.orig",
      "start_line": 241,
      "start_column": 4,
      "end_line": 283,
      "end_column": 16
    },
    "16": {
      "file": "/Users/1cebearpooh/Documents/homework/sysSecurity/final_project/python_projects/requests/src/requests/auth.py.orig",
      "start_line": 285,
      "start_column": 4,
      "end_line": 303,
      "end_column": 16
    },
    "17": {
      "file": "/Users/1cebearpooh/Documents/homework/sysSecurity/final_project/python_projects/requests/src/requests/auth.py.orig",
      "start_line": 291,
      "start_column": 8,
      "end_line": 298,
      "end_column": 41
    },
    "18": {
      "file": "/Users/1cebearpooh/Documents/homework/sysSecurity/final_project/python_projects/requests/src/requests/auth.py.orig",
      "start_line": 305,
      "start_column": 4,
      "end_line": 311,
      "end_column": 9
    },
    "19": {
      "file": "/Users/1cebearpooh/Documents/homework/sysSecurity/final_project/python_projects/requests/src/requests/auth.py.orig",
      "start_line": 313,
      "start_column": 4,
      "end_line": 314,
      "end_column": 32
    }
  }
}