{
  "next_iid": 5,
  "iid_to_location": {
    "0": {
      "file": "/Users/1cebearpooh/Documents/homework/sysSecurity/final_project/python_projects/requests/src/requests/compat.py.orig",
      "start_line": 19,
      "start_column": 0,
      "end_line": 23,
      "end_column": 23
    },
    "1": {
      "file": "/Users/1cebearpooh/Documents/homework/sysSecurity/final_project/python_projects/requests/src/requests/compat.py.orig",
      "start_line": 30,
      "start_column": 0,
      "end_line": 39,
      "end_column": 18
    },
    "2": {
      "file": "/Users/1cebearpooh/Documents/homework/sysSecurity/final_project/python_projects/requests/src/requests/compat.py.orig",
      "start_line": 33,
      "start_column": 4,
      "end_line": 38,
      "end_column": 20
    },
    "3": {
      "file": "/Users/1cebearpooh/Documents/homework/sysSecurity/final_project/python_projects/requests/src/requests/compat.py.orig",
      "start_line": 35,
      "start_column": 12,
      "end_line": 38,
      "end_column": 20
    },
    "4": {
      "file": "/Users/1cebearpooh/Documents/homework/sysSecurity/final_project/python_projects/requests/src/requests/compat.py.orig",
      "start_line": 59,
      "start_column": 0,
      "end_line": 64,
      "end_column": 15
    }
  }
}