{
  "next_iid": 69,
  "iid_to_location": {
    "0": {
      "file": "/Users/1cebearpooh/Documents/homework/sysSecurity/final_project/python_projects/requests/src/requests/cookies.py.orig",
      "start_line": 17,
      "start_column": 0,
      "end_line": 20,
      "end_column": 39
    },
    "1": {
      "file": "/Users/1cebearpooh/Documents/homework/sysSecurity/final_project/python_projects/requests/src/requests/cookies.py.orig",
      "start_line": 35,
      "start_column": 4,
      "end_line": 38,
      "end_column": 48
    },
    "2": {
      "file": "/Users/1cebearpooh/Documents/homework/sysSecurity/final_project/python_projects/requests/src/requests/cookies.py.orig",
      "start_line": 40,
      "start_column": 4,
      "end_line": 41,
      "end_column": 24
    },
    "3": {
      "file": "/Users/1cebearpooh/Documents/homework/sysSecurity/final_project/python_projects/requests/src/requests/cookies.py.orig",
      "start_line": 43,
      "start_column": 4,
      "end_line": 44,
      "end_column": 43
    },
    "4": {
      "file": "/Users/1cebearpooh/Documents/homework/sysSecurity/final_project/python_projects/requests/src/requests/cookies.py.orig",
      "start_line": 46,
      "start_column": 4,
      "end_line": 47,
      "end_column": 30
    },
    "5": {
      "file": "/Users/1cebearpooh/Documents/homework/sysSecurity/final_project/python_projects/requests/src/requests/cookies.py.orig",
      "start_line": 49,
      "start_column": 4,
      "end_line": 67,
      "end_column": 9
    },
    "6": {
      "file": "/Users/1cebearpooh/Documents/homework/sysSecurity/final_project/python_projects/requests/src/requests/cookies.py.orig",
      "start_line": 69,
      "start_column": 4,
      "end_line": 70,
      "end_column": 19
    },
    "7": {
      "file": "/Users/1cebearpooh/Documents/homework/sysSecurity/final_project/python_projects/requests/src/requests/cookies.py.orig",
      "start_line": 72,
      "start_column": 4,
      "end_line": 73,
      "end_column": 67
    },
    "8": {
      "file": "/Users/1cebearpooh/Documents/homework/sysSecurity/final_project/python_projects/requests/src/requests/cookies.py.orig",
      "start_line": 75,
      "start_column": 4,
      "end_line": 76,
      "end_column": 78
    },
    "9": {
      "file": "/Users/1cebearpooh/Documents/homework/sysSecurity/final_project/python_projects/requests/src/requests/cookies.py.orig",
      "start_line": 78,
      "start_column": 4,
      "end_line": 82,
      "end_column": 9
    },
    "10": {
      "file": "/Users/1cebearpooh/Documents/homework/sysSecurity/final_project/python_projects/requests/src/requests/cookies.py.orig",
      "start_line": 84,
      "start_column": 4,
      "end_line": 85,
      "end_column": 39
    },
    "11": {
      "file": "/Users/1cebearpooh/Documents/homework/sysSecurity/final_project/python_projects/requests/src/requests/cookies.py.orig",
      "start_line": 87,
      "start_column": 4,
      "end_line": 88,
      "end_column": 32
    },
    "12": {
      "file": "/Users/1cebearpooh/Documents/homework/sysSecurity/final_project/python_projects/requests/src/requests/cookies.py.orig",
      "start_line": 91,
      "start_column": 4,
      "end_line": 92,
      "end_column": 37
    },
    "13": {
      "file": "/Users/1cebearpooh/Documents/homework/sysSecurity/final_project/python_projects/requests/src/requests/cookies.py.orig",
      "start_line": 95,
      "start_column": 4,
      "end_line": 96,
      "end_column": 41
    },
    "14": {
      "file": "/Users/1cebearpooh/Documents/homework/sysSecurity/final_project/python_projects/requests/src/requests/cookies.py.orig",
      "start_line": 99,
      "start_column": 4,
      "end_line": 100,
      "end_column": 30
    },
    "15": {
      "file": "/Users/1cebearpooh/Documents/homework/sysSecurity/final_project/python_projects/requests/src/requests/cookies.py.orig",
      "start_line": 110,
      "start_column": 4,
      "end_line": 115,
      "end_column": 31
    },
    "16": {
      "file": "/Users/1cebearpooh/Documents/homework/sysSecurity/final_project/python_projects/requests/src/requests/cookies.py.orig",
      "start_line": 117,
      "start_column": 4,
      "end_line": 118,
      "end_column": 28
    },
    "17": {
      "file": "/Users/1cebearpooh/Documents/homework/sysSecurity/final_project/python_projects/requests/src/requests/cookies.py.orig",
      "start_line": 120,
      "start_column": 4,
      "end_line": 121,
      "end_column": 38
    },
    "18": {
      "file": "/Users/1cebearpooh/Documents/homework/sysSecurity/final_project/python_projects/requests/src/requests/cookies.py.orig",
      "start_line": 124,
      "start_column": 0,
      "end_line": 137,
      "end_column": 33
    },
    "19": {
      "file": "/Users/1cebearpooh/Documents/homework/sysSecurity/final_project/python_projects/requests/src/requests/cookies.py.orig",
      "start_line": 140,
      "start_column": 0,
      "end_line": 148,
      "end_column": 44
    },
    "20": {
      "file": "/Users/1cebearpooh/Documents/homework/sysSecurity/final_project/python_projects/requests/src/requests/cookies.py.orig",
      "start_line": 151,
      "start_column": 0,
      "end_line": 167,
      "end_column": 43
    },
    "21": {
      "file": "/Users/1cebearpooh/Documents/homework/sysSecurity/final_project/python_projects/requests/src/requests/cookies.py.orig",
      "start_line": 157,
      "start_column": 4,
      "end_line": 164,
      "end_column": 68
    },
    "22": {
      "file": "/Users/1cebearpooh/Documents/homework/sysSecurity/final_project/python_projects/requests/src/requests/cookies.py.orig",
      "start_line": 166,
      "start_column": 4,
      "end_line": 167,
      "end_column": 43
    },
    "23": {
      "file": "/Users/1cebearpooh/Documents/homework/sysSecurity/final_project/python_projects/requests/src/requests/cookies.py.orig",
      "start_line": 194,
      "start_column": 4,
      "end_line": 204,
      "end_column": 26
    },
    "24": {
      "file": "/Users/1cebearpooh/Documents/homework/sysSecurity/final_project/python_projects/requests/src/requests/cookies.py.orig",
      "start_line": 201,
      "start_column": 8,
      "end_line": 204,
      "end_column": 26
    },
    "25": {
      "file": "/Users/1cebearpooh/Documents/homework/sysSecurity/final_project/python_projects/requests/src/requests/cookies.py.orig",
      "start_line": 206,
      "start_column": 4,
      "end_line": 223,
      "end_column": 16
    },
    "26": {
      "file": "/Users/1cebearpooh/Documents/homework/sysSecurity/final_project/python_projects/requests/src/requests/cookies.py.orig",
      "start_line": 225,
      "start_column": 4,
      "end_line": 232,
      "end_column": 29
    },
    "27": {
      "file": "/Users/1cebearpooh/Documents/homework/sysSecurity/final_project/python_projects/requests/src/requests/cookies.py.orig",
      "start_line": 231,
      "start_column": 8,
      "end_line": 232,
      "end_column": 29
    },
    "28": {
      "file": "/Users/1cebearpooh/Documents/homework/sysSecurity/final_project/python_projects/requests/src/requests/cookies.py.orig",
      "start_line": 234,
      "start_column": 4,
      "end_line": 240,
      "end_column": 36
    },
    "29": {
      "file": "/Users/1cebearpooh/Documents/homework/sysSecurity/final_project/python_projects/requests/src/requests/cookies.py.orig",
      "start_line": 242,
      "start_column": 4,
      "end_line": 249,
      "end_column": 30
    },
    "30": {
      "file": "/Users/1cebearpooh/Documents/homework/sysSecurity/final_project/python_projects/requests/src/requests/cookies.py.orig",
      "start_line": 248,
      "start_column": 8,
      "end_line": 249,
      "end_column": 30
    },
    "31": {
      "file": "/Users/1cebearpooh/Documents/homework/sysSecurity/final_project/python_projects/requests/src/requests/cookies.py.orig",
      "start_line": 251,
      "start_column": 4,
      "end_line": 257,
      "end_column": 38
    },
    "32": {
      "file": "/Users/1cebearpooh/Documents/homework/sysSecurity/final_project/python_projects/requests/src/requests/cookies.py.orig",
      "start_line": 259,
      "start_column": 4,
      "end_line": 266,
      "end_column": 43
    },
    "33": {
      "file": "/Users/1cebearpooh/Documents/homework/sysSecurity/final_project/python_projects/requests/src/requests/cookies.py.orig",
      "start_line": 265,
      "start_column": 8,
      "end_line": 266,
      "end_column": 43
    },
    "34": {
      "file": "/Users/1cebearpooh/Documents/homework/sysSecurity/final_project/python_projects/requests/src/requests/cookies.py.orig",
      "start_line": 268,
      "start_column": 4,
      "end_line": 275,
      "end_column": 37
    },
    "35": {
      "file": "/Users/1cebearpooh/Documents/homework/sysSecurity/final_project/python_projects/requests/src/requests/cookies.py.orig",
      "start_line": 277,
      "start_column": 4,
      "end_line": 283,
      "end_column": 22
    },
    "36": {
      "file": "/Users/1cebearpooh/Documents/homework/sysSecurity/final_project/python_projects/requests/src/requests/cookies.py.orig",
      "start_line": 280,
      "start_column": 8,
      "end_line": 282,
      "end_column": 45
    },
    "37": {
      "file": "/Users/1cebearpooh/Documents/homework/sysSecurity/final_project/python_projects/requests/src/requests/cookies.py.orig",
      "start_line": 285,
      "start_column": 4,
      "end_line": 291,
      "end_column": 20
    },
    "38": {
      "file": "/Users/1cebearpooh/Documents/homework/sysSecurity/final_project/python_projects/requests/src/requests/cookies.py.orig",
      "start_line": 288,
      "start_column": 8,
      "end_line": 290,
      "end_column": 41
    },
    "39": {
      "file": "/Users/1cebearpooh/Documents/homework/sysSecurity/final_project/python_projects/requests/src/requests/cookies.py.orig",
      "start_line": 293,
      "start_column": 4,
      "end_line": 304,
      "end_column": 20
    },
    "40": {
      "file": "/Users/1cebearpooh/Documents/homework/sysSecurity/final_project/python_projects/requests/src/requests/cookies.py.orig",
      "start_line": 300,
      "start_column": 8,
      "end_line": 303,
      "end_column": 41
    },
    "41": {
      "file": "/Users/1cebearpooh/Documents/homework/sysSecurity/final_project/python_projects/requests/src/requests/cookies.py.orig",
      "start_line": 306,
      "start_column": 4,
      "end_line": 319,
      "end_column": 25
    },
    "42": {
      "file": "/Users/1cebearpooh/Documents/homework/sysSecurity/final_project/python_projects/requests/src/requests/cookies.py.orig",
      "start_line": 314,
      "start_column": 8,
      "end_line": 318,
      "end_column": 54
    },
    "43": {
      "file": "/Users/1cebearpooh/Documents/homework/sysSecurity/final_project/python_projects/requests/src/requests/cookies.py.orig",
      "start_line": 321,
      "start_column": 4,
      "end_line": 325,
      "end_column": 23
    },
    "44": {
      "file": "/Users/1cebearpooh/Documents/homework/sysSecurity/final_project/python_projects/requests/src/requests/cookies.py.orig",
      "start_line": 322,
      "start_column": 8,
      "end_line": 325,
      "end_column": 23
    },
    "45": {
      "file": "/Users/1cebearpooh/Documents/homework/sysSecurity/final_project/python_projects/requests/src/requests/cookies.py.orig",
      "start_line": 327,
      "start_column": 4,
      "end_line": 334,
      "end_column": 45
    },
    "46": {
      "file": "/Users/1cebearpooh/Documents/homework/sysSecurity/final_project/python_projects/requests/src/requests/cookies.py.orig",
      "start_line": 336,
      "start_column": 4,
      "end_line": 341,
      "end_column": 29
    },
    "47": {
      "file": "/Users/1cebearpooh/Documents/homework/sysSecurity/final_project/python_projects/requests/src/requests/cookies.py.orig",
      "start_line": 343,
      "start_column": 4,
      "end_line": 347,
      "end_column": 41
    },
    "48": {
      "file": "/Users/1cebearpooh/Documents/homework/sysSecurity/final_project/python_projects/requests/src/requests/cookies.py.orig",
      "start_line": 349,
      "start_column": 4,
      "end_line": 356,
      "end_column": 58
    },
    "49": {
      "file": "/Users/1cebearpooh/Documents/homework/sysSecurity/final_project/python_projects/requests/src/requests/cookies.py.orig",
      "start_line": 358,
      "start_column": 4,
      "end_line": 364,
      "end_column": 33
    },
    "50": {
      "file": "/Users/1cebearpooh/Documents/homework/sysSecurity/final_project/python_projects/requests/src/requests/cookies.py.orig",
      "start_line": 361,
      "start_column": 12,
      "end_line": 362,
      "end_column": 50
    },
    "51": {
      "file": "/Users/1cebearpooh/Documents/homework/sysSecurity/final_project/python_projects/requests/src/requests/cookies.py.orig",
      "start_line": 366,
      "start_column": 4,
      "end_line": 384,
      "end_column": 74
    },
    "52": {
      "file": "/Users/1cebearpooh/Documents/homework/sysSecurity/final_project/python_projects/requests/src/requests/cookies.py.orig",
      "start_line": 378,
      "start_column": 8,
      "end_line": 382,
      "end_column": 43
    },
    "53": {
      "file": "/Users/1cebearpooh/Documents/homework/sysSecurity/final_project/python_projects/requests/src/requests/cookies.py.orig",
      "start_line": 386,
      "start_column": 4,
      "end_line": 413,
      "end_column": 74
    },
    "54": {
      "file": "/Users/1cebearpooh/Documents/homework/sysSecurity/final_project/python_projects/requests/src/requests/cookies.py.orig",
      "start_line": 399,
      "start_column": 8,
      "end_line": 409,
      "end_column": 47
    },
    "55": {
      "file": "/Users/1cebearpooh/Documents/homework/sysSecurity/final_project/python_projects/requests/src/requests/cookies.py.orig",
      "start_line": 415,
      "start_column": 4,
      "end_line": 420,
      "end_column": 20
    },
    "56": {
      "file": "/Users/1cebearpooh/Documents/homework/sysSecurity/final_project/python_projects/requests/src/requests/cookies.py.orig",
      "start_line": 422,
      "start_column": 4,
      "end_line": 426,
      "end_column": 50
    },
    "57": {
      "file": "/Users/1cebearpooh/Documents/homework/sysSecurity/final_project/python_projects/requests/src/requests/cookies.py.orig",
      "start_line": 428,
      "start_column": 4,
      "end_line": 433,
      "end_column": 21
    },
    "58": {
      "file": "/Users/1cebearpooh/Documents/homework/sysSecurity/final_project/python_projects/requests/src/requests/cookies.py.orig",
      "start_line": 435,
      "start_column": 4,
      "end_line": 437,
      "end_column": 27
    },
    "59": {
      "file": "/Users/1cebearpooh/Documents/homework/sysSecurity/final_project/python_projects/requests/src/requests/cookies.py.orig",
      "start_line": 440,
      "start_column": 0,
      "end_line": 452,
      "end_column": 18
    },
    "60": {
      "file": "/Users/1cebearpooh/Documents/homework/sysSecurity/final_project/python_projects/requests/src/requests/cookies.py.orig",
      "start_line": 450,
      "start_column": 4,
      "end_line": 451,
      "end_column": 45
    },
    "61": {
      "file": "/Users/1cebearpooh/Documents/homework/sysSecurity/final_project/python_projects/requests/src/requests/cookies.py.orig",
      "start_line": 455,
      "start_column": 0,
      "end_line": 489,
      "end_column": 37
    },
    "62": {
      "file": "/Users/1cebearpooh/Documents/homework/sysSecurity/final_project/python_projects/requests/src/requests/cookies.py.orig",
      "start_line": 492,
      "start_column": 0,
      "end_line": 518,
      "end_column": 5
    },
    "63": {
      "file": "/Users/1cebearpooh/Documents/homework/sysSecurity/final_project/python_projects/requests/src/requests/cookies.py.orig",
      "start_line": 497,
      "start_column": 8,
      "end_line": 500,
      "end_column": 76
    },
    "64": {
      "file": "/Users/1cebearpooh/Documents/homework/sysSecurity/final_project/python_projects/requests/src/requests/cookies.py.orig",
      "start_line": 521,
      "start_column": 0,
      "end_line": 539,
      "end_column": 20
    },
    "65": {
      "file": "/Users/1cebearpooh/Documents/homework/sysSecurity/final_project/python_projects/requests/src/requests/cookies.py.orig",
      "start_line": 535,
      "start_column": 8,
      "end_line": 537,
      "end_column": 76
    },
    "66": {
      "file": "/Users/1cebearpooh/Documents/homework/sysSecurity/final_project/python_projects/requests/src/requests/cookies.py.orig",
      "start_line": 542,
      "start_column": 0,
      "end_line": 561,
      "end_column": 20
    },
    "67": {
      "file": "/Users/1cebearpooh/Documents/homework/sysSecurity/final_project/python_projects/requests/src/requests/cookies.py.orig",
      "start_line": 555,
      "start_column": 8,
      "end_line": 559,
      "end_column": 51
    },
    "68": {
      "file": "/Users/1cebearpooh/Documents/homework/sysSecurity/final_project/python_projects/requests/src/requests/cookies.py.orig",
      "start_line": 558,
      "start_column": 12,
      "end_line": 559,
      "end_column": 51
    }
  }
}