{
  "next_iid": 3,
  "iid_to_location": {
    "0": {
      "file": "/Users/1cebearpooh/Documents/homework/sysSecurity/final_project/python_projects/requests/src/requests/exceptions.py.orig",
      "start_line": 17,
      "start_column": 4,
      "end_line": 24,
      "end_column": 41
    },
    "1": {
      "file": "/Users/1cebearpooh/Documents/homework/sysSecurity/final_project/python_projects/requests/src/requests/exceptions.py.orig",
      "start_line": 34,
      "start_column": 4,
      "end_line": 42,
      "end_column": 61
    },
    "2": {
      "file": "/Users/1cebearpooh/Documents/homework/sysSecurity/final_project/python_projects/requests/src/requests/exceptions.py.orig",
      "start_line": 44,
      "start_column": 4,
      "end_line": 52,
      "end_column": 53
    }
  }
}