{
  "next_iid": 7,
  "iid_to_location": {
    "0": {
      "file": "/Users/1cebearpooh/Documents/homework/sysSecurity/final_project/python_projects/requests/src/requests/help.py.orig",
      "start_line": 13,
      "start_column": 0,
      "end_line": 16,
      "end_column": 29
    },
    "1": {
      "file": "/Users/1cebearpooh/Documents/homework/sysSecurity/final_project/python_projects/requests/src/requests/help.py.orig",
      "start_line": 18,
      "start_column": 0,
      "end_line": 21,
      "end_column": 18
    },
    "2": {
      "file": "/Users/1cebearpooh/Documents/homework/sysSecurity/final_project/python_projects/requests/src/requests/help.py.orig",
      "start_line": 23,
      "start_column": 0,
      "end_line": 31,
      "end_column": 18
    },
    "3": {
      "file": "/Users/1cebearpooh/Documents/homework/sysSecurity/final_project/python_projects/requests/src/requests/help.py.orig",
      "start_line": 34,
      "start_column": 0,
      "end_line": 66,
      "end_column": 70
    },
    "4": {
      "file": "/Users/1cebearpooh/Documents/homework/sysSecurity/final_project/python_projects/requests/src/requests/help.py.orig",
      "start_line": 69,
      "start_column": 0,
      "end_line": 125,
      "end_column": 5
    },
    "5": {
      "file": "/Users/1cebearpooh/Documents/homework/sysSecurity/final_project/python_projects/requests/src/requests/help.py.orig",
      "start_line": 71,
      "start_column": 4,
      "end_line": 80,
      "end_column": 9
    },
    "6": {
      "file": "/Users/1cebearpooh/Documents/homework/sysSecurity/final_project/python_projects/requests/src/requests/help.py.orig",
      "start_line": 128,
      "start_column": 0,
      "end_line": 130,
      "end_column": 55
    }
  }
}