{
  "next_iid": 3,
  "iid_to_location": {
    "0": {
      "file": "/Users/1cebearpooh/Documents/homework/sysSecurity/final_project/python_projects/requests/src/requests/hooks.py.orig",
      "start_line": 15,
      "start_column": 0,
      "end_line": 16,
      "end_column": 41
    },
    "1": {
      "file": "/Users/1cebearpooh/Documents/homework/sysSecurity/final_project/python_projects/requests/src/requests/hooks.py.orig",
      "start_line": 22,
      "start_column": 0,
      "end_line": 33,
      "end_column": 20
    },
    "2": {
      "file": "/Users/1cebearpooh/Documents/homework/sysSecurity/final_project/python_projects/requests/src/requests/hooks.py.orig",
      "start_line": 29,
      "start_column": 8,
      "end_line": 32,
      "end_column": 38
    }
  }
}