{
  "next_iid": 69,
  "iid_to_location": {
    "0": {
      "file": "/Users/1cebearpooh/Documents/homework/sysSecurity/final_project/python_projects/requests/src/requests/models.py.orig",
      "start_line": 86,
      "start_column": 4,
      "end_line": 104,
      "end_column": 27
    },
    "1": {
      "file": "/Users/1cebearpooh/Documents/homework/sysSecurity/final_project/python_projects/requests/src/requests/models.py.orig",
      "start_line": 107,
      "start_column": 4,
      "end_line": 134,
      "end_column": 23
    },
    "2": {
      "file": "/Users/1cebearpooh/Documents/homework/sysSecurity/final_project/python_projects/requests/src/requests/models.py.orig",
      "start_line": 121,
      "start_column": 12,
      "end_line": 131,
      "end_column": 25
    },
    "3": {
      "file": "/Users/1cebearpooh/Documents/homework/sysSecurity/final_project/python_projects/requests/src/requests/models.py.orig",
      "start_line": 124,
      "start_column": 16,
      "end_line": 131,
      "end_column": 25
    },
    "4": {
      "file": "/Users/1cebearpooh/Documents/homework/sysSecurity/final_project/python_projects/requests/src/requests/models.py.orig",
      "start_line": 137,
      "start_column": 4,
      "end_line": 203,
      "end_column": 33
    },
    "5": {
      "file": "/Users/1cebearpooh/Documents/homework/sysSecurity/final_project/python_projects/requests/src/requests/models.py.orig",
      "start_line": 155,
      "start_column": 8,
      "end_line": 171,
      "end_column": 21
    },
    "6": {
      "file": "/Users/1cebearpooh/Documents/homework/sysSecurity/final_project/python_projects/requests/src/requests/models.py.orig",
      "start_line": 158,
      "start_column": 12,
      "end_line": 171,
      "end_column": 21
    },
    "7": {
      "file": "/Users/1cebearpooh/Documents/homework/sysSecurity/final_project/python_projects/requests/src/requests/models.py.orig",
      "start_line": 173,
      "start_column": 8,
      "end_line": 199,
      "end_column": 33
    },
    "8": {
      "file": "/Users/1cebearpooh/Documents/homework/sysSecurity/final_project/python_projects/requests/src/requests/models.py.orig",
      "start_line": 207,
      "start_column": 4,
      "end_line": 216,
      "end_column": 80
    },
    "9": {
      "file": "/Users/1cebearpooh/Documents/homework/sysSecurity/final_project/python_projects/requests/src/requests/models.py.orig",
      "start_line": 218,
      "start_column": 4,
      "end_line": 227,
      "end_column": 24
    },
    "10": {
      "file": "/Users/1cebearpooh/Documents/homework/sysSecurity/final_project/python_projects/requests/src/requests/models.py.orig",
      "start_line": 223,
      "start_column": 8,
      "end_line": 227,
      "end_column": 24
    },
    "11": {
      "file": "/Users/1cebearpooh/Documents/homework/sysSecurity/final_project/python_projects/requests/src/requests/models.py.orig",
      "start_line": 258,
      "start_column": 4,
      "end_line": 290,
      "end_column": 30
    },
    "12": {
      "file": "/Users/1cebearpooh/Documents/homework/sysSecurity/final_project/python_projects/requests/src/requests/models.py.orig",
      "start_line": 279,
      "start_column": 8,
      "end_line": 280,
      "end_column": 47
    },
    "13": {
      "file": "/Users/1cebearpooh/Documents/homework/sysSecurity/final_project/python_projects/requests/src/requests/models.py.orig",
      "start_line": 292,
      "start_column": 4,
      "end_line": 293,
      "end_column": 43
    },
    "14": {
      "file": "/Users/1cebearpooh/Documents/homework/sysSecurity/final_project/python_projects/requests/src/requests/models.py.orig",
      "start_line": 295,
      "start_column": 4,
      "end_line": 310,
      "end_column": 16
    },
    "15": {
      "file": "/Users/1cebearpooh/Documents/homework/sysSecurity/final_project/python_projects/requests/src/requests/models.py.orig",
      "start_line": 334,
      "start_column": 4,
      "end_line": 349,
      "end_column": 34
    },
    "16": {
      "file": "/Users/1cebearpooh/Documents/homework/sysSecurity/final_project/python_projects/requests/src/requests/models.py.orig",
      "start_line": 351,
      "start_column": 4,
      "end_line": 377,
      "end_column": 33
    },
    "17": {
      "file": "/Users/1cebearpooh/Documents/homework/sysSecurity/final_project/python_projects/requests/src/requests/models.py.orig",
      "start_line": 379,
      "start_column": 4,
      "end_line": 380,
      "end_column": 51
    },
    "18": {
      "file": "/Users/1cebearpooh/Documents/homework/sysSecurity/final_project/python_projects/requests/src/requests/models.py.orig",
      "start_line": 382,
      "start_column": 4,
      "end_line": 391,
      "end_column": 16
    },
    "19": {
      "file": "/Users/1cebearpooh/Documents/homework/sysSecurity/final_project/python_projects/requests/src/requests/models.py.orig",
      "start_line": 393,
      "start_column": 4,
      "end_line": 397,
      "end_column": 63
    },
    "20": {
      "file": "/Users/1cebearpooh/Documents/homework/sysSecurity/final_project/python_projects/requests/src/requests/models.py.orig",
      "start_line": 400,
      "start_column": 4,
      "end_line": 407,
      "end_column": 19
    },
    "21": {
      "file": "/Users/1cebearpooh/Documents/homework/sysSecurity/final_project/python_projects/requests/src/requests/models.py.orig",
      "start_line": 403,
      "start_column": 8,
      "end_line": 406,
      "end_column": 30
    },
    "22": {
      "file": "/Users/1cebearpooh/Documents/homework/sysSecurity/final_project/python_projects/requests/src/requests/models.py.orig",
      "start_line": 409,
      "start_column": 4,
      "end_line": 481,
      "end_column": 22
    },
    "23": {
      "file": "/Users/1cebearpooh/Documents/homework/sysSecurity/final_project/python_projects/requests/src/requests/models.py.orig",
      "start_line": 432,
      "start_column": 8,
      "end_line": 435,
      "end_column": 37
    },
    "24": {
      "file": "/Users/1cebearpooh/Documents/homework/sysSecurity/final_project/python_projects/requests/src/requests/models.py.orig",
      "start_line": 451,
      "start_column": 12,
      "end_line": 454,
      "end_column": 61
    },
    "25": {
      "file": "/Users/1cebearpooh/Documents/homework/sysSecurity/final_project/python_projects/requests/src/requests/models.py.orig",
      "start_line": 483,
      "start_column": 4,
      "end_line": 492,
      "end_column": 60
    },
    "26": {
      "file": "/Users/1cebearpooh/Documents/homework/sysSecurity/final_project/python_projects/requests/src/requests/models.py.orig",
      "start_line": 488,
      "start_column": 12,
      "end_line": 492,
      "end_column": 60
    },
    "27": {
      "file": "/Users/1cebearpooh/Documents/homework/sysSecurity/final_project/python_projects/requests/src/requests/models.py.orig",
      "start_line": 494,
      "start_column": 4,
      "end_line": 570,
      "end_column": 24
    },
    "28": {
      "file": "/Users/1cebearpooh/Documents/homework/sysSecurity/final_project/python_projects/requests/src/requests/models.py.orig",
      "start_line": 509,
      "start_column": 12,
      "end_line": 512,
      "end_column": 56
    },
    "29": {
      "file": "/Users/1cebearpooh/Documents/homework/sysSecurity/final_project/python_projects/requests/src/requests/models.py.orig",
      "start_line": 525,
      "start_column": 12,
      "end_line": 528,
      "end_column": 29
    },
    "30": {
      "file": "/Users/1cebearpooh/Documents/homework/sysSecurity/final_project/python_projects/requests/src/requests/models.py.orig",
      "start_line": 536,
      "start_column": 16,
      "end_line": 541,
      "end_column": 50
    },
    "31": {
      "file": "/Users/1cebearpooh/Documents/homework/sysSecurity/final_project/python_projects/requests/src/requests/models.py.orig",
      "start_line": 572,
      "start_column": 4,
      "end_line": 586,
      "end_column": 48
    },
    "32": {
      "file": "/Users/1cebearpooh/Documents/homework/sysSecurity/final_project/python_projects/requests/src/requests/models.py.orig",
      "start_line": 588,
      "start_column": 4,
      "end_line": 608,
      "end_column": 50
    },
    "33": {
      "file": "/Users/1cebearpooh/Documents/homework/sysSecurity/final_project/python_projects/requests/src/requests/models.py.orig",
      "start_line": 610,
      "start_column": 4,
      "end_line": 628,
      "end_column": 50
    },
    "34": {
      "file": "/Users/1cebearpooh/Documents/homework/sysSecurity/final_project/python_projects/requests/src/requests/models.py.orig",
      "start_line": 630,
      "start_column": 4,
      "end_line": 637,
      "end_column": 51
    },
    "35": {
      "file": "/Users/1cebearpooh/Documents/homework/sysSecurity/final_project/python_projects/requests/src/requests/models.py.orig",
      "start_line": 636,
      "start_column": 8,
      "end_line": 637,
      "end_column": 51
    },
    "36": {
      "file": "/Users/1cebearpooh/Documents/homework/sysSecurity/final_project/python_projects/requests/src/requests/models.py.orig",
      "start_line": 658,
      "start_column": 4,
      "end_line": 703,
      "end_column": 27
    },
    "37": {
      "file": "/Users/1cebearpooh/Documents/homework/sysSecurity/final_project/python_projects/requests/src/requests/models.py.orig",
      "start_line": 705,
      "start_column": 4,
      "end_line": 706,
      "end_column": 19
    },
    "38": {
      "file": "/Users/1cebearpooh/Documents/homework/sysSecurity/final_project/python_projects/requests/src/requests/models.py.orig",
      "start_line": 708,
      "start_column": 4,
      "end_line": 709,
      "end_column": 20
    },
    "39": {
      "file": "/Users/1cebearpooh/Documents/homework/sysSecurity/final_project/python_projects/requests/src/requests/models.py.orig",
      "start_line": 711,
      "start_column": 4,
      "end_line": 717,
      "end_column": 75
    },
    "40": {
      "file": "/Users/1cebearpooh/Documents/homework/sysSecurity/final_project/python_projects/requests/src/requests/models.py.orig",
      "start_line": 719,
      "start_column": 4,
      "end_line": 725,
      "end_column": 34
    },
    "41": {
      "file": "/Users/1cebearpooh/Documents/homework/sysSecurity/final_project/python_projects/requests/src/requests/models.py.orig",
      "start_line": 720,
      "start_column": 8,
      "end_line": 721,
      "end_column": 38
    },
    "42": {
      "file": "/Users/1cebearpooh/Documents/homework/sysSecurity/final_project/python_projects/requests/src/requests/models.py.orig",
      "start_line": 727,
      "start_column": 4,
      "end_line": 728,
      "end_column": 49
    },
    "43": {
      "file": "/Users/1cebearpooh/Documents/homework/sysSecurity/final_project/python_projects/requests/src/requests/models.py.orig",
      "start_line": 730,
      "start_column": 4,
      "end_line": 738,
      "end_column": 22
    },
    "44": {
      "file": "/Users/1cebearpooh/Documents/homework/sysSecurity/final_project/python_projects/requests/src/requests/models.py.orig",
      "start_line": 740,
      "start_column": 4,
      "end_line": 748,
      "end_column": 22
    },
    "45": {
      "file": "/Users/1cebearpooh/Documents/homework/sysSecurity/final_project/python_projects/requests/src/requests/models.py.orig",
      "start_line": 750,
      "start_column": 4,
      "end_line": 752,
      "end_column": 37
    },
    "46": {
      "file": "/Users/1cebearpooh/Documents/homework/sysSecurity/final_project/python_projects/requests/src/requests/models.py.orig",
      "start_line": 755,
      "start_column": 4,
      "end_line": 767,
      "end_column": 19
    },
    "47": {
      "file": "/Users/1cebearpooh/Documents/homework/sysSecurity/final_project/python_projects/requests/src/requests/models.py.orig",
      "start_line": 763,
      "start_column": 8,
      "end_line": 766,
      "end_column": 24
    },
    "48": {
      "file": "/Users/1cebearpooh/Documents/homework/sysSecurity/final_project/python_projects/requests/src/requests/models.py.orig",
      "start_line": 770,
      "start_column": 4,
      "end_line": 774,
      "end_column": 80
    },
    "49": {
      "file": "/Users/1cebearpooh/Documents/homework/sysSecurity/final_project/python_projects/requests/src/requests/models.py.orig",
      "start_line": 777,
      "start_column": 4,
      "end_line": 782,
      "end_column": 9
    },
    "50": {
      "file": "/Users/1cebearpooh/Documents/homework/sysSecurity/final_project/python_projects/requests/src/requests/models.py.orig",
      "start_line": 785,
      "start_column": 4,
      "end_line": 787,
      "end_column": 25
    },
    "51": {
      "file": "/Users/1cebearpooh/Documents/homework/sysSecurity/final_project/python_projects/requests/src/requests/models.py.orig",
      "start_line": 790,
      "start_column": 4,
      "end_line": 797,
      "end_column": 26
    },
    "52": {
      "file": "/Users/1cebearpooh/Documents/homework/sysSecurity/final_project/python_projects/requests/src/requests/models.py.orig",
      "start_line": 799,
      "start_column": 4,
      "end_line": 855,
      "end_column": 21
    },
    "53": {
      "file": "/Users/1cebearpooh/Documents/homework/sysSecurity/final_project/python_projects/requests/src/requests/models.py.orig",
      "start_line": 816,
      "start_column": 8,
      "end_line": 837,
      "end_column": 41
    },
    "54": {
      "file": "/Users/1cebearpooh/Documents/homework/sysSecurity/final_project/python_projects/requests/src/requests/models.py.orig",
      "start_line": 819,
      "start_column": 16,
      "end_line": 828,
      "end_column": 45
    },
    "55": {
      "file": "/Users/1cebearpooh/Documents/homework/sysSecurity/final_project/python_projects/requests/src/requests/models.py.orig",
      "start_line": 831,
      "start_column": 16,
      "end_line": 835,
      "end_column": 31
    },
    "56": {
      "file": "/Users/1cebearpooh/Documents/homework/sysSecurity/final_project/python_projects/requests/src/requests/models.py.orig",
      "start_line": 857,
      "start_column": 4,
      "end_line": 888,
      "end_column": 25
    },
    "57": {
      "file": "/Users/1cebearpooh/Documents/homework/sysSecurity/final_project/python_projects/requests/src/requests/models.py.orig",
      "start_line": 869,
      "start_column": 8,
      "end_line": 885,
      "end_column": 28
    },
    "58": {
      "file": "/Users/1cebearpooh/Documents/homework/sysSecurity/final_project/python_projects/requests/src/requests/models.py.orig",
      "start_line": 891,
      "start_column": 4,
      "end_line": 907,
      "end_column": 28
    },
    "59": {
      "file": "/Users/1cebearpooh/Documents/homework/sysSecurity/final_project/python_projects/requests/src/requests/models.py.orig",
      "start_line": 910,
      "start_column": 4,
      "end_line": 945,
      "end_column": 22
    },
    "60": {
      "file": "/Users/1cebearpooh/Documents/homework/sysSecurity/final_project/python_projects/requests/src/requests/models.py.orig",
      "start_line": 934,
      "start_column": 8,
      "end_line": 943,
      "end_column": 57
    },
    "61": {
      "file": "/Users/1cebearpooh/Documents/homework/sysSecurity/final_project/python_projects/requests/src/requests/models.py.orig",
      "start_line": 947,
      "start_column": 4,
      "end_line": 978,
      "end_column": 62
    },
    "62": {
      "file": "/Users/1cebearpooh/Documents/homework/sysSecurity/final_project/python_projects/requests/src/requests/models.py.orig",
      "start_line": 962,
      "start_column": 16,
      "end_line": 971,
      "end_column": 70
    },
    "63": {
      "file": "/Users/1cebearpooh/Documents/homework/sysSecurity/final_project/python_projects/requests/src/requests/models.py.orig",
      "start_line": 973,
      "start_column": 8,
      "end_line": 978,
      "end_column": 62
    },
    "64": {
      "file": "/Users/1cebearpooh/Documents/homework/sysSecurity/final_project/python_projects/requests/src/requests/models.py.orig",
      "start_line": 981,
      "start_column": 4,
      "end_line": 995,
      "end_column": 29
    },
    "65": {
      "file": "/Users/1cebearpooh/Documents/homework/sysSecurity/final_project/python_projects/requests/src/requests/models.py.orig",
      "start_line": 991,
      "start_column": 12,
      "end_line": 993,
      "end_column": 42
    },
    "66": {
      "file": "/Users/1cebearpooh/Documents/homework/sysSecurity/final_project/python_projects/requests/src/requests/models.py.orig",
      "start_line": 997,
      "start_column": 4,
      "end_line": 1024,
      "end_column": 58
    },
    "67": {
      "file": "/Users/1cebearpooh/Documents/homework/sysSecurity/final_project/python_projects/requests/src/requests/models.py.orig",
      "start_line": 1006,
      "start_column": 12,
      "end_line": 1009,
      "end_column": 57
    },
    "68": {
      "file": "/Users/1cebearpooh/Documents/homework/sysSecurity/final_project/python_projects/requests/src/requests/models.py.orig",
      "start_line": 1026,
      "start_column": 4,
      "end_line": 1037,
      "end_column": 26
    }
  }
}