{
  "next_iid": 3,
  "iid_to_location": {
    "0": {
      "file": "/Users/1cebearpooh/Documents/homework/sysSecurity/final_project/python_projects/requests/src/requests/packages.py.orig",
      "start_line": 8,
      "start_column": 0,
      "end_line": 14,
      "end_column": 70
    },
    "1": {
      "file": "/Users/1cebearpooh/Documents/homework/sysSecurity/final_project/python_projects/requests/src/requests/packages.py.orig",
      "start_line": 12,
      "start_column": 4,
      "end_line": 14,
      "end_column": 70
    },
    "2": {
      "file": "/Users/1cebearpooh/Documents/homework/sysSecurity/final_project/python_projects/requests/src/requests/packages.py.orig",
      "start_line": 18,
      "start_column": 4,
      "end_line": 23,
      "end_column": 66
    }
  }
}