{
  "next_iid": 40,
  "iid_to_location": {
    "0": {
      "file": "/Users/1cebearpooh/Documents/homework/sysSecurity/final_project/python_projects/requests/src/requests/sessions.py.orig",
      "start_line": 61,
      "start_column": 0,
      "end_line": 88,
      "end_column": 25
    },
    "1": {
      "file": "/Users/1cebearpooh/Documents/homework/sysSecurity/final_project/python_projects/requests/src/requests/sessions.py.orig",
      "start_line": 85,
      "start_column": 4,
      "end_line": 86,
      "end_column": 31
    },
    "2": {
      "file": "/Users/1cebearpooh/Documents/homework/sysSecurity/final_project/python_projects/requests/src/requests/sessions.py.orig",
      "start_line": 91,
      "start_column": 0,
      "end_line": 103,
      "end_column": 66
    },
    "3": {
      "file": "/Users/1cebearpooh/Documents/homework/sysSecurity/final_project/python_projects/requests/src/requests/sessions.py.orig",
      "start_line": 107,
      "start_column": 4,
      "end_line": 125,
      "end_column": 19
    },
    "4": {
      "file": "/Users/1cebearpooh/Documents/homework/sysSecurity/final_project/python_projects/requests/src/requests/sessions.py.orig",
      "start_line": 127,
      "start_column": 4,
      "end_line": 157,
      "end_column": 45
    },
    "5": {
      "file": "/Users/1cebearpooh/Documents/homework/sysSecurity/final_project/python_projects/requests/src/requests/sessions.py.orig",
      "start_line": 159,
      "start_column": 4,
      "end_line": 280,
      "end_column": 26
    },
    "6": {
      "file": "/Users/1cebearpooh/Documents/homework/sysSecurity/final_project/python_projects/requests/src/requests/sessions.py.orig",
      "start_line": 177,
      "start_column": 8,
      "end_line": 280,
      "end_column": 26
    },
    "7": {
      "file": "/Users/1cebearpooh/Documents/homework/sysSecurity/final_project/python_projects/requests/src/requests/sessions.py.orig",
      "start_line": 185,
      "start_column": 12,
      "end_line": 188,
      "end_column": 51
    },
    "8": {
      "file": "/Users/1cebearpooh/Documents/homework/sysSecurity/final_project/python_projects/requests/src/requests/sessions.py.orig",
      "start_line": 230,
      "start_column": 16,
      "end_line": 231,
      "end_column": 62
    },
    "9": {
      "file": "/Users/1cebearpooh/Documents/homework/sysSecurity/final_project/python_projects/requests/src/requests/sessions.py.orig",
      "start_line": 282,
      "start_column": 4,
      "end_line": 300,
      "end_column": 51
    },
    "10": {
      "file": "/Users/1cebearpooh/Documents/homework/sysSecurity/final_project/python_projects/requests/src/requests/sessions.py.orig",
      "start_line": 302,
      "start_column": 4,
      "end_line": 331,
      "end_column": 26
    },
    "11": {
      "file": "/Users/1cebearpooh/Documents/homework/sysSecurity/final_project/python_projects/requests/src/requests/sessions.py.orig",
      "start_line": 321,
      "start_column": 8,
      "end_line": 324,
      "end_column": 43
    },
    "12": {
      "file": "/Users/1cebearpooh/Documents/homework/sysSecurity/final_project/python_projects/requests/src/requests/sessions.py.orig",
      "start_line": 333,
      "start_column": 4,
      "end_line": 353,
      "end_column": 40
    },
    "13": {
      "file": "/Users/1cebearpooh/Documents/homework/sysSecurity/final_project/python_projects/requests/src/requests/sessions.py.orig",
      "start_line": 390,
      "start_column": 4,
      "end_line": 449,
      "end_column": 44
    },
    "14": {
      "file": "/Users/1cebearpooh/Documents/homework/sysSecurity/final_project/python_projects/requests/src/requests/sessions.py.orig",
      "start_line": 451,
      "start_column": 4,
      "end_line": 452,
      "end_column": 19
    },
    "15": {
      "file": "/Users/1cebearpooh/Documents/homework/sysSecurity/final_project/python_projects/requests/src/requests/sessions.py.orig",
      "start_line": 454,
      "start_column": 4,
      "end_line": 455,
      "end_column": 20
    },
    "16": {
      "file": "/Users/1cebearpooh/Documents/homework/sysSecurity/final_project/python_projects/requests/src/requests/sessions.py.orig",
      "start_line": 457,
      "start_column": 4,
      "end_line": 498,
      "end_column": 16
    },
    "17": {
      "file": "/Users/1cebearpooh/Documents/homework/sysSecurity/final_project/python_projects/requests/src/requests/sessions.py.orig",
      "start_line": 500,
      "start_column": 4,
      "end_line": 591,
      "end_column": 19
    },
    "18": {
      "file": "/Users/1cebearpooh/Documents/homework/sysSecurity/final_project/python_projects/requests/src/requests/sessions.py.orig",
      "start_line": 593,
      "start_column": 4,
      "end_line": 602,
      "end_column": 49
    },
    "19": {
      "file": "/Users/1cebearpooh/Documents/homework/sysSecurity/final_project/python_projects/requests/src/requests/sessions.py.orig",
      "start_line": 604,
      "start_column": 4,
      "end_line": 613,
      "end_column": 53
    },
    "20": {
      "file": "/Users/1cebearpooh/Documents/homework/sysSecurity/final_project/python_projects/requests/src/requests/sessions.py.orig",
      "start_line": 615,
      "start_column": 4,
      "end_line": 624,
      "end_column": 50
    },
    "21": {
      "file": "/Users/1cebearpooh/Documents/homework/sysSecurity/final_project/python_projects/requests/src/requests/sessions.py.orig",
      "start_line": 626,
      "start_column": 4,
      "end_line": 637,
      "end_column": 72
    },
    "22": {
      "file": "/Users/1cebearpooh/Documents/homework/sysSecurity/final_project/python_projects/requests/src/requests/sessions.py.orig",
      "start_line": 639,
      "start_column": 4,
      "end_line": 649,
      "end_column": 60
    },
    "23": {
      "file": "/Users/1cebearpooh/Documents/homework/sysSecurity/final_project/python_projects/requests/src/requests/sessions.py.orig",
      "start_line": 651,
      "start_column": 4,
      "end_line": 661,
      "end_column": 62
    },
    "24": {
      "file": "/Users/1cebearpooh/Documents/homework/sysSecurity/final_project/python_projects/requests/src/requests/sessions.py.orig",
      "start_line": 663,
      "start_column": 4,
      "end_line": 671,
      "end_column": 52
    },
    "25": {
      "file": "/Users/1cebearpooh/Documents/homework/sysSecurity/final_project/python_projects/requests/src/requests/sessions.py.orig",
      "start_line": 673,
      "start_column": 4,
      "end_line": 748,
      "end_column": 16
    },
    "26": {
      "file": "/Users/1cebearpooh/Documents/homework/sysSecurity/final_project/python_projects/requests/src/requests/sessions.py.orig",
      "start_line": 715,
      "start_column": 12,
      "end_line": 716,
      "end_column": 76
    },
    "27": {
      "file": "/Users/1cebearpooh/Documents/homework/sysSecurity/final_project/python_projects/requests/src/requests/sessions.py.orig",
      "start_line": 738,
      "start_column": 12,
      "end_line": 743,
      "end_column": 20
    },
    "28": {
      "file": "/Users/1cebearpooh/Documents/homework/sysSecurity/final_project/python_projects/requests/src/requests/sessions.py.orig",
      "start_line": 750,
      "start_column": 4,
      "end_line": 779,
      "end_column": 85
    },
    "29": {
      "file": "/Users/1cebearpooh/Documents/homework/sysSecurity/final_project/python_projects/requests/src/requests/sessions.py.orig",
      "start_line": 761,
      "start_column": 12,
      "end_line": 762,
      "end_column": 40
    },
    "30": {
      "file": "/Users/1cebearpooh/Documents/homework/sysSecurity/final_project/python_projects/requests/src/requests/sessions.py.orig",
      "start_line": 781,
      "start_column": 4,
      "end_line": 792,
      "end_column": 77
    },
    "31": {
      "file": "/Users/1cebearpooh/Documents/homework/sysSecurity/final_project/python_projects/requests/src/requests/sessions.py.orig",
      "start_line": 787,
      "start_column": 8,
      "end_line": 789,
      "end_column": 30
    },
    "32": {
      "file": "/Users/1cebearpooh/Documents/homework/sysSecurity/final_project/python_projects/requests/src/requests/sessions.py.orig",
      "start_line": 794,
      "start_column": 4,
      "end_line": 797,
      "end_column": 21
    },
    "33": {
      "file": "/Users/1cebearpooh/Documents/homework/sysSecurity/final_project/python_projects/requests/src/requests/sessions.py.orig",
      "start_line": 796,
      "start_column": 8,
      "end_line": 797,
      "end_column": 21
    },
    "34": {
      "file": "/Users/1cebearpooh/Documents/homework/sysSecurity/final_project/python_projects/requests/src/requests/sessions.py.orig",
      "start_line": 799,
      "start_column": 4,
      "end_line": 808,
      "end_column": 55
    },
    "35": {
      "file": "/Users/1cebearpooh/Documents/homework/sysSecurity/final_project/python_projects/requests/src/requests/sessions.py.orig",
      "start_line": 807,
      "start_column": 8,
      "end_line": 808,
      "end_column": 55
    },
    "36": {
      "file": "/Users/1cebearpooh/Documents/homework/sysSecurity/final_project/python_projects/requests/src/requests/sessions.py.orig",
      "start_line": 810,
      "start_column": 4,
      "end_line": 812,
      "end_column": 20
    },
    "37": {
      "file": "/Users/1cebearpooh/Documents/homework/sysSecurity/final_project/python_projects/requests/src/requests/sessions.py.orig",
      "start_line": 814,
      "start_column": 4,
      "end_line": 816,
      "end_column": 38
    },
    "38": {
      "file": "/Users/1cebearpooh/Documents/homework/sysSecurity/final_project/python_projects/requests/src/requests/sessions.py.orig",
      "start_line": 815,
      "start_column": 8,
      "end_line": 816,
      "end_column": 38
    },
    "39": {
      "file": "/Users/1cebearpooh/Documents/homework/sysSecurity/final_project/python_projects/requests/src/requests/sessions.py.orig",
      "start_line": 819,
      "start_column": 0,
      "end_line": 831,
      "end_column": 20
    }
  }
}