{
  "next_iid": 4,
  "iid_to_location": {
    "0": {
      "file": "/Users/1cebearpooh/Documents/homework/sysSecurity/final_project/python_projects/requests/src/requests/status_codes.py.orig",
      "start_line": 109,
      "start_column": 0,
      "end_line": 125,
      "end_column": 5
    },
    "1": {
      "file": "/Users/1cebearpooh/Documents/homework/sysSecurity/final_project/python_projects/requests/src/requests/status_codes.py.orig",
      "start_line": 110,
      "start_column": 4,
      "end_line": 114,
      "end_column": 51
    },
    "2": {
      "file": "/Users/1cebearpooh/Documents/homework/sysSecurity/final_project/python_projects/requests/src/requests/status_codes.py.orig",
      "start_line": 111,
      "start_column": 8,
      "end_line": 114,
      "end_column": 51
    },
    "3": {
      "file": "/Users/1cebearpooh/Documents/homework/sysSecurity/final_project/python_projects/requests/src/requests/status_codes.py.orig",
      "start_line": 116,
      "start_column": 4,
      "end_line": 118,
      "end_column": 41
    }
  }
}