{
  "next_iid": 14,
  "iid_to_location": {
    "0": {
      "file": "/Users/1cebearpooh/Documents/homework/sysSecurity/final_project/python_projects/requests/src/requests/structures.py.orig",
      "start_line": 40,
      "start_column": 4,
      "end_line": 44,
      "end_column": 35
    },
    "1": {
      "file": "/Users/1cebearpooh/Documents/homework/sysSecurity/final_project/python_projects/requests/src/requests/structures.py.orig",
      "start_line": 46,
      "start_column": 4,
      "end_line": 49,
      "end_column": 47
    },
    "2": {
      "file": "/Users/1cebearpooh/Documents/homework/sysSecurity/final_project/python_projects/requests/src/requests/structures.py.orig",
      "start_line": 51,
      "start_column": 4,
      "end_line": 52,
      "end_column": 42
    },
    "3": {
      "file": "/Users/1cebearpooh/Documents/homework/sysSecurity/final_project/python_projects/requests/src/requests/structures.py.orig",
      "start_line": 54,
      "start_column": 4,
      "end_line": 55,
      "end_column": 36
    },
    "4": {
      "file": "/Users/1cebearpooh/Documents/homework/sysSecurity/final_project/python_projects/requests/src/requests/structures.py.orig",
      "start_line": 57,
      "start_column": 4,
      "end_line": 58,
      "end_column": 75
    },
    "5": {
      "file": "/Users/1cebearpooh/Documents/homework/sysSecurity/final_project/python_projects/requests/src/requests/structures.py.orig",
      "start_line": 60,
      "start_column": 4,
      "end_line": 61,
      "end_column": 31
    },
    "6": {
      "file": "/Users/1cebearpooh/Documents/homework/sysSecurity/final_project/python_projects/requests/src/requests/structures.py.orig",
      "start_line": 63,
      "start_column": 4,
      "end_line": 65,
      "end_column": 84
    },
    "7": {
      "file": "/Users/1cebearpooh/Documents/homework/sysSecurity/final_project/python_projects/requests/src/requests/structures.py.orig",
      "start_line": 67,
      "start_column": 4,
      "end_line": 73,
      "end_column": 68
    },
    "8": {
      "file": "/Users/1cebearpooh/Documents/homework/sysSecurity/final_project/python_projects/requests/src/requests/structures.py.orig",
      "start_line": 76,
      "start_column": 4,
      "end_line": 77,
      "end_column": 56
    },
    "9": {
      "file": "/Users/1cebearpooh/Documents/homework/sysSecurity/final_project/python_projects/requests/src/requests/structures.py.orig",
      "start_line": 79,
      "start_column": 4,
      "end_line": 80,
      "end_column": 38
    },
    "10": {
      "file": "/Users/1cebearpooh/Documents/homework/sysSecurity/final_project/python_projects/requests/src/requests/structures.py.orig",
      "start_line": 86,
      "start_column": 4,
      "end_line": 88,
      "end_column": 26
    },
    "11": {
      "file": "/Users/1cebearpooh/Documents/homework/sysSecurity/final_project/python_projects/requests/src/requests/structures.py.orig",
      "start_line": 90,
      "start_column": 4,
      "end_line": 91,
      "end_column": 40
    },
    "12": {
      "file": "/Users/1cebearpooh/Documents/homework/sysSecurity/final_project/python_projects/requests/src/requests/structures.py.orig",
      "start_line": 93,
      "start_column": 4,
      "end_line": 96,
      "end_column": 43
    },
    "13": {
      "file": "/Users/1cebearpooh/Documents/homework/sysSecurity/final_project/python_projects/requests/src/requests/structures.py.orig",
      "start_line": 98,
      "start_column": 4,
      "end_line": 99,
      "end_column": 46
    }
  }
}