{
  "next_iid": 79,
  "iid_to_location": {
    "0": {
      "file": "/Users/1cebearpooh/Documents/homework/sysSecurity/final_project/python_projects/requests/src/requests/utils.py.orig",
      "start_line": 77,
      "start_column": 4,
      "end_line": 113,
      "end_column": 20
    },
    "1": {
      "file": "/Users/1cebearpooh/Documents/homework/sysSecurity/final_project/python_projects/requests/src/requests/utils.py.orig",
      "start_line": 78,
      "start_column": 8,
      "end_line": 81,
      "end_column": 24
    },
    "2": {
      "file": "/Users/1cebearpooh/Documents/homework/sysSecurity/final_project/python_projects/requests/src/requests/utils.py.orig",
      "start_line": 83,
      "start_column": 8,
      "end_line": 93,
      "end_column": 24
    },
    "3": {
      "file": "/Users/1cebearpooh/Documents/homework/sysSecurity/final_project/python_projects/requests/src/requests/utils.py.orig",
      "start_line": 104,
      "start_column": 8,
      "end_line": 112,
      "end_column": 27
    },
    "4": {
      "file": "/Users/1cebearpooh/Documents/homework/sysSecurity/final_project/python_projects/requests/src/requests/utils.py.orig",
      "start_line": 115,
      "start_column": 4,
      "end_line": 124,
      "end_column": 46
    },
    "5": {
      "file": "/Users/1cebearpooh/Documents/homework/sysSecurity/final_project/python_projects/requests/src/requests/utils.py.orig",
      "start_line": 127,
      "start_column": 0,
      "end_line": 133,
      "end_column": 12
    },
    "6": {
      "file": "/Users/1cebearpooh/Documents/homework/sysSecurity/final_project/python_projects/requests/src/requests/utils.py.orig",
      "start_line": 136,
      "start_column": 0,
      "end_line": 204,
      "end_column": 50
    },
    "7": {
      "file": "/Users/1cebearpooh/Documents/homework/sysSecurity/final_project/python_projects/requests/src/requests/utils.py.orig",
      "start_line": 152,
      "start_column": 8,
      "end_line": 175,
      "end_column": 17
    },
    "8": {
      "file": "/Users/1cebearpooh/Documents/homework/sysSecurity/final_project/python_projects/requests/src/requests/utils.py.orig",
      "start_line": 178,
      "start_column": 8,
      "end_line": 199,
      "end_column": 36
    },
    "9": {
      "file": "/Users/1cebearpooh/Documents/homework/sysSecurity/final_project/python_projects/requests/src/requests/utils.py.orig",
      "start_line": 190,
      "start_column": 16,
      "end_line": 199,
      "end_column": 36
    },
    "10": {
      "file": "/Users/1cebearpooh/Documents/homework/sysSecurity/final_project/python_projects/requests/src/requests/utils.py.orig",
      "start_line": 207,
      "start_column": 0,
      "end_line": 261,
      "end_column": 12
    },
    "11": {
      "file": "/Users/1cebearpooh/Documents/homework/sysSecurity/final_project/python_projects/requests/src/requests/utils.py.orig",
      "start_line": 216,
      "start_column": 4,
      "end_line": 261,
      "end_column": 12
    },
    "12": {
      "file": "/Users/1cebearpooh/Documents/homework/sysSecurity/final_project/python_projects/requests/src/requests/utils.py.orig",
      "start_line": 221,
      "start_column": 8,
      "end_line": 232,
      "end_column": 21
    },
    "13": {
      "file": "/Users/1cebearpooh/Documents/homework/sysSecurity/final_project/python_projects/requests/src/requests/utils.py.orig",
      "start_line": 222,
      "start_column": 12,
      "end_line": 228,
      "end_column": 22
    },
    "14": {
      "file": "/Users/1cebearpooh/Documents/homework/sysSecurity/final_project/python_projects/requests/src/requests/utils.py.orig",
      "start_line": 247,
      "start_column": 8,
      "end_line": 257,
      "end_column": 21
    },
    "15": {
      "file": "/Users/1cebearpooh/Documents/homework/sysSecurity/final_project/python_projects/requests/src/requests/utils.py.orig",
      "start_line": 264,
      "start_column": 0,
      "end_line": 268,
      "end_column": 37
    },
    "16": {
      "file": "/Users/1cebearpooh/Documents/homework/sysSecurity/final_project/python_projects/requests/src/requests/utils.py.orig",
      "start_line": 271,
      "start_column": 0,
      "end_line": 305,
      "end_column": 25
    },
    "17": {
      "file": "/Users/1cebearpooh/Documents/homework/sysSecurity/final_project/python_projects/requests/src/requests/utils.py.orig",
      "start_line": 283,
      "start_column": 4,
      "end_line": 289,
      "end_column": 43
    },
    "18": {
      "file": "/Users/1cebearpooh/Documents/homework/sysSecurity/final_project/python_projects/requests/src/requests/utils.py.orig",
      "start_line": 309,
      "start_column": 0,
      "end_line": 318,
      "end_column": 13
    },
    "19": {
      "file": "/Users/1cebearpooh/Documents/homework/sysSecurity/final_project/python_projects/requests/src/requests/utils.py.orig",
      "start_line": 312,
      "start_column": 4,
      "end_line": 318,
      "end_column": 13
    },
    "20": {
      "file": "/Users/1cebearpooh/Documents/homework/sysSecurity/final_project/python_projects/requests/src/requests/utils.py.orig",
      "start_line": 321,
      "start_column": 0,
      "end_line": 345,
      "end_column": 29
    },
    "21": {
      "file": "/Users/1cebearpooh/Documents/homework/sysSecurity/final_project/python_projects/requests/src/requests/utils.py.orig",
      "start_line": 348,
      "start_column": 0,
      "end_line": 374,
      "end_column": 22
    },
    "22": {
      "file": "/Users/1cebearpooh/Documents/homework/sysSecurity/final_project/python_projects/requests/src/requests/utils.py.orig",
      "start_line": 378,
      "start_column": 0,
      "end_line": 406,
      "end_column": 17
    },
    "23": {
      "file": "/Users/1cebearpooh/Documents/homework/sysSecurity/final_project/python_projects/requests/src/requests/utils.py.orig",
      "start_line": 402,
      "start_column": 4,
      "end_line": 405,
      "end_column": 27
    },
    "24": {
      "file": "/Users/1cebearpooh/Documents/homework/sysSecurity/final_project/python_projects/requests/src/requests/utils.py.orig",
      "start_line": 410,
      "start_column": 0,
      "end_line": 441,
      "end_column": 17
    },
    "25": {
      "file": "/Users/1cebearpooh/Documents/homework/sysSecurity/final_project/python_projects/requests/src/requests/utils.py.orig",
      "start_line": 433,
      "start_column": 4,
      "end_line": 440,
      "end_column": 28
    },
    "26": {
      "file": "/Users/1cebearpooh/Documents/homework/sysSecurity/final_project/python_projects/requests/src/requests/utils.py.orig",
      "start_line": 445,
      "start_column": 0,
      "end_line": 467,
      "end_column": 16
    },
    "27": {
      "file": "/Users/1cebearpooh/Documents/homework/sysSecurity/final_project/python_projects/requests/src/requests/utils.py.orig",
      "start_line": 470,
      "start_column": 0,
      "end_line": 478,
      "end_column": 22
    },
    "28": {
      "file": "/Users/1cebearpooh/Documents/homework/sysSecurity/final_project/python_projects/requests/src/requests/utils.py.orig",
      "start_line": 481,
      "start_column": 0,
      "end_line": 489,
      "end_column": 47
    },
    "29": {
      "file": "/Users/1cebearpooh/Documents/homework/sysSecurity/final_project/python_projects/requests/src/requests/utils.py.orig",
      "start_line": 492,
      "start_column": 0,
      "end_line": 514,
      "end_column": 5
    },
    "30": {
      "file": "/Users/1cebearpooh/Documents/homework/sysSecurity/final_project/python_projects/requests/src/requests/utils.py.orig",
      "start_line": 517,
      "start_column": 0,
      "end_line": 539,
      "end_column": 36
    },
    "31": {
      "file": "/Users/1cebearpooh/Documents/homework/sysSecurity/final_project/python_projects/requests/src/requests/utils.py.orig",
      "start_line": 530,
      "start_column": 4,
      "end_line": 538,
      "end_column": 44
    },
    "32": {
      "file": "/Users/1cebearpooh/Documents/homework/sysSecurity/final_project/python_projects/requests/src/requests/utils.py.orig",
      "start_line": 542,
      "start_column": 0,
      "end_line": 564,
      "end_column": 22
    },
    "33": {
      "file": "/Users/1cebearpooh/Documents/homework/sysSecurity/final_project/python_projects/requests/src/requests/utils.py.orig",
      "start_line": 567,
      "start_column": 0,
      "end_line": 581,
      "end_column": 16
    },
    "34": {
      "file": "/Users/1cebearpooh/Documents/homework/sysSecurity/final_project/python_projects/requests/src/requests/utils.py.orig",
      "start_line": 575,
      "start_column": 4,
      "end_line": 578,
      "end_column": 20
    },
    "35": {
      "file": "/Users/1cebearpooh/Documents/homework/sysSecurity/final_project/python_projects/requests/src/requests/utils.py.orig",
      "start_line": 584,
      "start_column": 0,
      "end_line": 591,
      "end_column": 27
    },
    "36": {
      "file": "/Users/1cebearpooh/Documents/homework/sysSecurity/final_project/python_projects/requests/src/requests/utils.py.orig",
      "start_line": 589,
      "start_column": 4,
      "end_line": 591,
      "end_column": 27
    },
    "37": {
      "file": "/Users/1cebearpooh/Documents/homework/sysSecurity/final_project/python_projects/requests/src/requests/utils.py.orig",
      "start_line": 594,
      "start_column": 0,
      "end_line": 630,
      "end_column": 24
    },
    "38": {
      "file": "/Users/1cebearpooh/Documents/homework/sysSecurity/final_project/python_projects/requests/src/requests/utils.py.orig",
      "start_line": 621,
      "start_column": 8,
      "end_line": 624,
      "end_column": 44
    },
    "39": {
      "file": "/Users/1cebearpooh/Documents/homework/sysSecurity/final_project/python_projects/requests/src/requests/utils.py.orig",
      "start_line": 627,
      "start_column": 4,
      "end_line": 630,
      "end_column": 24
    },
    "40": {
      "file": "/Users/1cebearpooh/Documents/homework/sysSecurity/final_project/python_projects/requests/src/requests/utils.py.orig",
      "start_line": 639,
      "start_column": 0,
      "end_line": 660,
      "end_column": 25
    },
    "41": {
      "file": "/Users/1cebearpooh/Documents/homework/sysSecurity/final_project/python_projects/requests/src/requests/utils.py.orig",
      "start_line": 646,
      "start_column": 4,
      "end_line": 659,
      "end_column": 37
    },
    "42": {
      "file": "/Users/1cebearpooh/Documents/homework/sysSecurity/final_project/python_projects/requests/src/requests/utils.py.orig",
      "start_line": 649,
      "start_column": 12,
      "end_line": 652,
      "end_column": 75
    },
    "43": {
      "file": "/Users/1cebearpooh/Documents/homework/sysSecurity/final_project/python_projects/requests/src/requests/utils.py.orig",
      "start_line": 663,
      "start_column": 0,
      "end_line": 682,
      "end_column": 52
    },
    "44": {
      "file": "/Users/1cebearpooh/Documents/homework/sysSecurity/final_project/python_projects/requests/src/requests/utils.py.orig",
      "start_line": 673,
      "start_column": 4,
      "end_line": 682,
      "end_column": 52
    },
    "45": {
      "file": "/Users/1cebearpooh/Documents/homework/sysSecurity/final_project/python_projects/requests/src/requests/utils.py.orig",
      "start_line": 685,
      "start_column": 0,
      "end_line": 697,
      "end_column": 52
    },
    "46": {
      "file": "/Users/1cebearpooh/Documents/homework/sysSecurity/final_project/python_projects/requests/src/requests/utils.py.orig",
      "start_line": 700,
      "start_column": 0,
      "end_line": 708,
      "end_column": 52
    },
    "47": {
      "file": "/Users/1cebearpooh/Documents/homework/sysSecurity/final_project/python_projects/requests/src/requests/utils.py.orig",
      "start_line": 711,
      "start_column": 0,
      "end_line": 719,
      "end_column": 15
    },
    "48": {
      "file": "/Users/1cebearpooh/Documents/homework/sysSecurity/final_project/python_projects/requests/src/requests/utils.py.orig",
      "start_line": 715,
      "start_column": 4,
      "end_line": 718,
      "end_column": 20
    },
    "49": {
      "file": "/Users/1cebearpooh/Documents/homework/sysSecurity/final_project/python_projects/requests/src/requests/utils.py.orig",
      "start_line": 722,
      "start_column": 0,
      "end_line": 743,
      "end_column": 15
    },
    "50": {
      "file": "/Users/1cebearpooh/Documents/homework/sysSecurity/final_project/python_projects/requests/src/requests/utils.py.orig",
      "start_line": 729,
      "start_column": 8,
      "end_line": 732,
      "end_column": 24
    },
    "51": {
      "file": "/Users/1cebearpooh/Documents/homework/sysSecurity/final_project/python_projects/requests/src/requests/utils.py.orig",
      "start_line": 737,
      "start_column": 8,
      "end_line": 740,
      "end_column": 24
    },
    "52": {
      "file": "/Users/1cebearpooh/Documents/homework/sysSecurity/final_project/python_projects/requests/src/requests/utils.py.orig",
      "start_line": 747,
      "start_column": 0,
      "end_line": 765,
      "end_column": 48
    },
    "53": {
      "file": "/Users/1cebearpooh/Documents/homework/sysSecurity/final_project/python_projects/requests/src/requests/utils.py.orig",
      "start_line": 758,
      "start_column": 4,
      "end_line": 765,
      "end_column": 48
    },
    "54": {
      "file": "/Users/1cebearpooh/Documents/homework/sysSecurity/final_project/python_projects/requests/src/requests/utils.py.orig",
      "start_line": 768,
      "start_column": 0,
      "end_line": 826,
      "end_column": 16
    },
    "55": {
      "file": "/Users/1cebearpooh/Documents/homework/sysSecurity/final_project/python_projects/requests/src/requests/utils.py.orig",
      "start_line": 777,
      "start_column": 4,
      "end_line": 778,
      "end_column": 65
    },
    "56": {
      "file": "/Users/1cebearpooh/Documents/homework/sysSecurity/final_project/python_projects/requests/src/requests/utils.py.orig",
      "start_line": 797,
      "start_column": 12,
      "end_line": 804,
      "end_column": 31
    },
    "57": {
      "file": "/Users/1cebearpooh/Documents/homework/sysSecurity/final_project/python_projects/requests/src/requests/utils.py.orig",
      "start_line": 810,
      "start_column": 12,
      "end_line": 814,
      "end_column": 31
    },
    "58": {
      "file": "/Users/1cebearpooh/Documents/homework/sysSecurity/final_project/python_projects/requests/src/requests/utils.py.orig",
      "start_line": 818,
      "start_column": 8,
      "end_line": 821,
      "end_column": 26
    },
    "59": {
      "file": "/Users/1cebearpooh/Documents/homework/sysSecurity/final_project/python_projects/requests/src/requests/utils.py.orig",
      "start_line": 829,
      "start_column": 0,
      "end_line": 838,
      "end_column": 27
    },
    "60": {
      "file": "/Users/1cebearpooh/Documents/homework/sysSecurity/final_project/python_projects/requests/src/requests/utils.py.orig",
      "start_line": 841,
      "start_column": 0,
      "end_line": 864,
      "end_column": 16
    },
    "61": {
      "file": "/Users/1cebearpooh/Documents/homework/sysSecurity/final_project/python_projects/requests/src/requests/utils.py.orig",
      "start_line": 859,
      "start_column": 4,
      "end_line": 862,
      "end_column": 17
    },
    "62": {
      "file": "/Users/1cebearpooh/Documents/homework/sysSecurity/final_project/python_projects/requests/src/requests/utils.py.orig",
      "start_line": 867,
      "start_column": 0,
      "end_line": 891,
      "end_column": 22
    },
    "63": {
      "file": "/Users/1cebearpooh/Documents/homework/sysSecurity/final_project/python_projects/requests/src/requests/utils.py.orig",
      "start_line": 894,
      "start_column": 0,
      "end_line": 900,
      "end_column": 34
    },
    "64": {
      "file": "/Users/1cebearpooh/Documents/homework/sysSecurity/final_project/python_projects/requests/src/requests/utils.py.orig",
      "start_line": 903,
      "start_column": 0,
      "end_line": 914,
      "end_column": 5
    },
    "65": {
      "file": "/Users/1cebearpooh/Documents/homework/sysSecurity/final_project/python_projects/requests/src/requests/utils.py.orig",
      "start_line": 917,
      "start_column": 0,
      "end_line": 951,
      "end_column": 16
    },
    "66": {
      "file": "/Users/1cebearpooh/Documents/homework/sysSecurity/final_project/python_projects/requests/src/requests/utils.py.orig",
      "start_line": 933,
      "start_column": 4,
      "end_line": 949,
      "end_column": 26
    },
    "67": {
      "file": "/Users/1cebearpooh/Documents/homework/sysSecurity/final_project/python_projects/requests/src/requests/utils.py.orig",
      "start_line": 934,
      "start_column": 8,
      "end_line": 937,
      "end_column": 33
    },
    "68": {
      "file": "/Users/1cebearpooh/Documents/homework/sysSecurity/final_project/python_projects/requests/src/requests/utils.py.orig",
      "start_line": 941,
      "start_column": 8,
      "end_line": 947,
      "end_column": 71
    },
    "69": {
      "file": "/Users/1cebearpooh/Documents/homework/sysSecurity/final_project/python_projects/requests/src/requests/utils.py.orig",
      "start_line": 942,
      "start_column": 12,
      "end_line": 945,
      "end_column": 21
    },
    "70": {
      "file": "/Users/1cebearpooh/Documents/homework/sysSecurity/final_project/python_projects/requests/src/requests/utils.py.orig",
      "start_line": 960,
      "start_column": 0,
      "end_line": 989,
      "end_column": 15
    },
    "71": {
      "file": "/Users/1cebearpooh/Documents/homework/sysSecurity/final_project/python_projects/requests/src/requests/utils.py.orig",
      "start_line": 992,
      "start_column": 0,
      "end_line": 1018,
      "end_column": 66
    },
    "72": {
      "file": "/Users/1cebearpooh/Documents/homework/sysSecurity/final_project/python_projects/requests/src/requests/utils.py.orig",
      "start_line": 1021,
      "start_column": 0,
      "end_line": 1034,
      "end_column": 15
    },
    "73": {
      "file": "/Users/1cebearpooh/Documents/homework/sysSecurity/final_project/python_projects/requests/src/requests/utils.py.orig",
      "start_line": 1029,
      "start_column": 4,
      "end_line": 1032,
      "end_column": 23
    },
    "74": {
      "file": "/Users/1cebearpooh/Documents/homework/sysSecurity/final_project/python_projects/requests/src/requests/utils.py.orig",
      "start_line": 1037,
      "start_column": 0,
      "end_line": 1045,
      "end_column": 43
    },
    "75": {
      "file": "/Users/1cebearpooh/Documents/homework/sysSecurity/final_project/python_projects/requests/src/requests/utils.py.orig",
      "start_line": 1048,
      "start_column": 0,
      "end_line": 1064,
      "end_column": 9
    },
    "76": {
      "file": "/Users/1cebearpooh/Documents/homework/sysSecurity/final_project/python_projects/requests/src/requests/utils.py.orig",
      "start_line": 1067,
      "start_column": 0,
      "end_line": 1081,
      "end_column": 64
    },
    "77": {
      "file": "/Users/1cebearpooh/Documents/homework/sysSecurity/final_project/python_projects/requests/src/requests/utils.py.orig",
      "start_line": 1084,
      "start_column": 0,
      "end_line": 1099,
      "end_column": 82
    },
    "78": {
      "file": "/Users/1cebearpooh/Documents/homework/sysSecurity/final_project/python_projects/requests/src/requests/utils.py.orig",
      "start_line": 1092,
      "start_column": 8,
      "end_line": 1097,
      "end_column": 13
    }
  }
}